seqid,p_other,p_SP,window_start,window_end,window_type,window_origin,compound_hydropathy,max_hydropathy,window_length
YCR101C,0.037718,0.96224,3,16,SP,phobius,40.28888888888889,2.877777777777778,13
YHR215W,5.34e-4,0.999432,4,12,SP,phobius,17,1.8888888888888888,8
YBL095W,0.822356,0.177649,12,34,TM,phobius,46.25555555555555,2.011111111111111,22
YDR329C,1,6e-6,18,39,TM,phobius,50.599999999999994,2.3,21
YCR061W,0.003182,0.996786,4,15,SP,phobius,26.533333333333335,2.2111111111111112,11
YPL119C-A,1,2e-6,20,42,TM,phobius,58.777777777777786,2.555555555555556,22
YBR067C,2.68e-4,0.999737,7,18,SP,phobius,32.53333333333333,2.7111111111111112,11
YDL222C,1,0,6,27,TM,phobius,69.42222222222225,3.1555555555555563,21
YMR296C,0.999907,8.4e-5,25,46,TM,phobius,27.866666666666667,1.2666666666666666,21
YFR018C,5.96e-4,0.999413,11,21,SP,phobius,29.333333333333332,2.6666666666666665,10
YKL183C-A,0.999995,7e-6,12,39,TM,phobius,70.3111111111111,2.511111111111111,27
YGR121C,1,0,20,40,TM,phobius,58.56666666666667,2.788888888888889,20
YML075C,1,7e-6,29,49,TM,phobius,62.53333333333333,2.977777777777778,20
YER061C,1,0,5,16,SP,phobius,29.200000000000003,2.4333333333333336,11
YDR262W,0.006785,0.993171,7,18,SP,phobius,26.666666666666668,2.2222222222222223,11
YLR411W,0.99998,1.7e-5,44,60,TM,phobius,52.133333333333326,3.0666666666666664,16
YPR026W,0.999968,3.7e-5,42,60,TM,phobius,63.544444444444444,3.3444444444444446,18
YMR274C,1,0,6,24,TM,phobius,53.41111111111112,2.8111111111111113,18
YJL038C,0.794203,0.20578,6,22,TM,phobius,43.06666666666666,2.533333333333333,16
YHR028C,1,4e-6,27,45,TM,phobius,69.45555555555558,3.6555555555555563,18
YIL043C,1,0,6,25,TM,phobius,85.33333333333334,4.2666666666666675,19
YGR231C,0.999942,4.5e-5,38,59,TM,phobius,47.91111111111112,2.177777777777778,21
YDR402C,0.999998,0,6,16,SP,phobius,34.34444444444444,3.1222222222222222,10
YNR044W,2.36e-4,0.999737,8,19,SP,phobius,27.6,2.3000000000000003,11
YOR365C,0.002187,0.997788,12,19,SP,phobius,21.06666666666667,2.6333333333333337,7
YIL005W,3.71e-4,0.999598,8,19,SP,phobius,31.06666666666667,2.588888888888889,11
YNR040W,0.999944,5.3e-5,41,59,TM,phobius,44.33333333333334,2.333333333333334,18
YDR246W-A,0.979708,0.020285,7,14,SP,phobius,13.866666666666665,1.7333333333333332,7
YBR092C,4.12e-4,0.99958,4,12,SP,phobius,19.700000000000003,2.188888888888889,8
YJL028W,0.999898,7.4e-5,32,60,TM,phobius,80.55555555555556,2.7777777777777777,28
YPR114W,0.999999,1.6e-5,38,57,TM,phobius,38.22222222222222,1.911111111111111,19
YPR091C,1,1e-6,6,27,TM,phobius,57.19999999999999,2.5999999999999996,21
YKL051W,1,0,12,34,TM,phobius,62.1,2.7,22
YLR308W,0.182932,0.817048,10,20,SP,phobius,27.133333333333333,2.466666666666667,10
YPR121W,0.001693,0.998304,2,13,SP,phobius,38.13333333333334,3.177777777777778,11
YMR148W,1,0,7,27,TM,phobius,59.5,2.8333333333333335,20
YLR342W-A,0.999985,2.2e-5,6,25,TM,phobius,45.777777777777786,2.288888888888889,19
YCR044C,2.29e-4,0.999747,3,14,SP,phobius,39.06666666666666,3.2555555555555555,11
YIL040W,0.999985,1e-5,40,58,TM,phobius,52.777777777777786,2.777777777777778,18
YBR147W,1,1e-6,12,34,TM,phobius,72.83333333333333,3.1666666666666665,22
YLR065C,1,1e-6,20,37,TM,phobius,43.2,2.4000000000000004,17
YNL280C,1,1e-6,12,34,TM,phobius,55.20000000000001,2.4000000000000004,22
YIL176C,0.001318,0.998667,4,15,SP,phobius,29.06666666666667,2.4222222222222225,11
YBR042C,1,1e-6,12,33,TM,phobius,61.84444444444446,2.811111111111112,21
YBR162C,2.53e-4,0.999724,8,18,SP,phobius,25.666666666666664,2.333333333333333,10
YKL021C,0.99246,0.007553,6,22,TM,phobius,47.22222222222222,2.7777777777777777,16
YNR062C,1,0,16,37,TM,phobius,60.37777777777778,2.7444444444444445,21
YJL034W,1,1e-6,12,29,TM,phobius,56,3.111111111111111,17
YHR057C,2.81e-4,0.999689,3,14,SP,phobius,30.666666666666664,2.5555555555555554,11
YOL162W,1,0,6,23,TM,phobius,37.800000000000004,2.1,17
YLR385C,2.95e-4,0.999692,7,16,SP,phobius,31.22222222222222,3.1222222222222222,9
YER185W,1,1e-6,20,42,TM,phobius,90.72222222222223,3.9444444444444446,22
YGL022W,0.999984,3.2e-5,15,35,TM,phobius,65.80000000000001,3.1333333333333337,20
YDR453C,1,2e-6,34,55,TM,phobius,61.11111111111111,2.7777777777777777,21
YPL154C,2.69e-4,0.999711,6,17,SP,phobius,36.26666666666667,3.0222222222222226,11
YNL291C,4.88e-4,0.999481,4,15,SP,phobius,32.8,2.733333333333333,11
YOL107W,0.99998,1.6e-5,25,43,TM,phobius,42.85555555555556,2.255555555555556,18
YHR026W,1,2e-6,20,38,TM,phobius,67.76666666666667,3.566666666666667,18
YGR028W,0.999981,4.7e-5,7,27,TM,phobius,42.46666666666667,2.022222222222222,20
YNR018W,1,1.8e-5,20,38,TM,phobius,45.388888888888886,2.388888888888889,18
YDR525W-A,1,0,6,22,TM,phobius,59.87777777777779,3.5222222222222226,16
YNL252C,1,0,10,15,SP,phobius,5.666666666666666,0.9444444444444444,5
YGR282C,3.45e-4,0.999621,7,18,SP,phobius,21.599999999999998,1.7999999999999998,11
YLR299W,0.029589,0.970373,12,33,TM,phobius,54.022222222222226,2.4555555555555557,21
YDR518W,5.63e-4,0.999396,7,18,SP,phobius,31.200000000000003,2.6,11
YKR069W,0.96088,0.039121,5,15,SP,phobius,16.133333333333333,1.4666666666666666,10
YLR080W,0.776284,0.223717,30,48,TM,phobius,38.21111111111111,2.011111111111111,18
YPR198W,1,0,5,16,SP,phobius,33.6,2.8000000000000003,11
YOR020W-A,0.999035,9.83e-4,12,33,TM,phobius,53.53333333333334,2.4333333333333336,21
Q0275,1,2e-6,21,45,TM,phobius,65.27777777777779,2.611111111111111,24
YDL072C,1,0,6,26,TM,phobius,66.73333333333333,3.1777777777777776,20
YIL049W,1,2e-6,12,30,TM,phobius,50.455555555555556,2.6555555555555554,18
YGL204C,1,0,22,40,TM,phobius,62.06666666666668,3.266666666666667,18
YGL168W,0.994247,0.005774,12,33,TM,phobius,41.06666666666667,1.8666666666666667,21
YPL096C-A,1,0,7,28,TM,phobius,56.711111111111116,2.577777777777778,21
YLR307W,0.004184,0.9958,6,17,SP,phobius,30.66666666666667,2.555555555555556,11
YDR504C,0.999979,2.7e-5,22,52,TM,phobius,111.94444444444444,3.611111111111111,30
YBR085W,1,2e-6,12,30,TM,phobius,34.62222222222222,1.822222222222222,18
YHR132C,2.38e-4,0.999739,7,18,SP,phobius,39.599999999999994,3.3,11
YDR410C,1,1e-6,20,41,TM,phobius,65.75555555555556,2.988888888888889,21
YFR020W,4.96e-4,0.999487,7,15,SP,phobius,28.099999999999994,3.122222222222222,8
YBL017C,3.84e-4,0.999597,3,16,SP,phobius,35.46666666666667,2.533333333333333,13
YOR381W,6.05e-4,0.999359,4,15,SP,phobius,33.6,2.8000000000000003,11
YLR403W,1,1e-6,13,20,SP,phobius,1.066666666666667,0.1333333333333334,7
YNL329C,0.999998,1.3e-5,3,14,SP,phobius,15.2,1.2666666666666666,11
YGL041C-B,1,2e-6,15,39,TM,phobius,80.27777777777779,3.2111111111111112,24
YMR202W,0.99996,5.5e-5,6,25,TM,phobius,60.666666666666664,3.033333333333333,19
YMR126C,1,1e-6,12,32,TM,phobius,70.93333333333334,3.377777777777778,20
YIL162W,2.81e-4,0.999697,3,14,SP,phobius,30.66666666666667,2.555555555555556,11
YLR283W,1,0,21,29,SP,phobius,13.5,1.5,8
YKR061W,1,1e-6,14,25,SP,phobius,36.53333333333334,3.0444444444444447,11
YAL042W,0.999993,3.1e-5,21,42,TM,phobius,61.84444444444445,2.8111111111111113,21
YOR030W,0.68577,0.314242,6,23,TM,phobius,28.999999999999996,1.611111111111111,17
YLR454W,0.997657,0.00235,12,31,TM,phobius,49.11111111111112,2.455555555555556,19
YLR261C,1,8e-6,8,15,SP,phobius,17.955555555555556,2.2444444444444445,7
YBR096W,0.998304,0.001701,30,46,TM,phobius,28.711111111111112,1.6888888888888889,16
YJR116W,1,2e-6,36,54,TM,phobius,40.111111111111114,2.111111111111111,18
YDL052C,0.999972,3e-5,14,25,SP,phobius,36.26666666666667,3.0222222222222226,11
YCR094W,0.999924,7.4e-5,39,59,TM,phobius,71.63333333333333,3.411111111111111,20
YLR253W,0.999972,1.7e-5,35,51,TM,phobius,34.75555555555556,2.0444444444444447,16
YNL033W,0.001266,0.998696,10,21,SP,phobius,30.666666666666664,2.5555555555555554,11
YKL175W,0.999903,8.5e-5,6,30,TM,phobius,73.61111111111111,2.9444444444444446,24
YDR456W,0.996098,0.003896,5,15,SP,phobius,21.633333333333336,1.966666666666667,10
YML101C,1,0,6,21,TM,phobius,49.24444444444444,3.0777777777777775,15
YKL037W,1,0,12,29,TM,phobius,48.2,2.677777777777778,17
YOR384W,2.38e-4,0.999733,6,14,SP,phobius,27.900000000000002,3.1,8
YOL154W,5.33e-4,0.999449,8,15,SP,phobius,19.733333333333334,2.466666666666667,7
YAL018C,0.991552,0.008445,3,13,SP,phobius,22.855555555555554,2.0777777777777775,10
YEL002C,7.9e-4,0.999191,7,18,SP,phobius,34.800000000000004,2.9000000000000004,11
YNL146C-A,0.999937,8.2e-5,2,8,SP,phobius,15.944444444444443,2.2777777777777777,6
YPL277C,0.998872,0.001148,7,27,TM,phobius,76.76666666666667,3.6555555555555554,20
YLR104W,2.6e-4,0.999718,6,17,SP,phobius,43.60000000000001,3.6333333333333337,11
YHR007C-A,0.999306,6.96e-4,21,43,TM,phobius,41.65555555555555,1.811111111111111,22
YJL037W,2.55e-4,0.999723,10,21,SP,phobius,36.266666666666666,3.022222222222222,11
Q0085,0.999984,2.8e-5,39,57,TM,phobius,59.32222222222222,3.1222222222222222,18
YMR175W-A,0.99994,5.1e-5,3,10,SP,phobius,14.666666666666666,1.8333333333333333,7
YER053C-A,0.999996,0,6,21,TM,phobius,47.46666666666667,2.966666666666667,15
YKL096C-B,0.999826,1.53e-4,31,48,TM,phobius,41.400000000000006,2.3000000000000003,17
YGL200C,7.86e-4,0.999173,8,16,SP,phobius,28.000000000000004,3.1111111111111116,8
YNL194C,1,0,6,28,TM,phobius,67.46666666666667,2.9333333333333336,22
YBR255C-A,1,1e-6,22,44,TM,phobius,52.900000000000006,2.3000000000000003,22
YER044C,1,4e-6,26,46,TM,phobius,61.13333333333332,2.9111111111111105,20
YCL049C,0.001141,0.998814,6,17,SP,phobius,24.66666666666667,2.055555555555556,11
YBR106W,1,2.8e-5,28,47,TM,phobius,38.22222222222222,1.911111111111111,19
YDR204W,1,3e-6,21,38,TM,phobius,34.800000000000004,1.9333333333333336,17
YJR151C,0.719823,0.280168,4,14,SP,phobius,32.022222222222226,2.9111111111111114,10
YML038C,1,0,37,58,TM,phobius,41.55555555555556,1.8888888888888888,21
YGL160W,1,3e-6,23,44,TM,phobius,66,3,21
YCR041W,0.999997,9e-6,24,42,TM,phobius,48.34444444444444,2.5444444444444443,18
YJR012C,1,0,17,38,TM,phobius,66,3,21
YFL021W,0.960215,0.039793,7,24,TM,phobius,49.2,2.7333333333333334,17
YIL023C,0.61386,0.386132,3,14,SP,phobius,31.6,2.6333333333333333,11
YNR021W,0.999969,3.6e-5,42,60,TM,phobius,55.94444444444445,2.9444444444444446,18
YIL037C,1,5e-6,20,43,TM,phobius,66.4,2.766666666666667,23
YEL043W,0.998187,0.001814,3,13,SP,phobius,28.6,2.6,10
YPL053C,0.999883,1.36e-4,12,29,TM,phobius,59,3.2777777777777777,17
YBR074W,1,2e-6,18,35,TM,phobius,44.199999999999996,2.4555555555555553,17
YML012W,2.57e-4,0.99973,4,15,SP,phobius,33.33333333333333,2.7777777777777777,11
YER182W,0.999876,1.16e-4,29,46,TM,phobius,23,1.2777777777777777,17
YDR411C,0.999963,1.5e-5,37,59,TM,phobius,60.82222222222222,2.6444444444444444,22
YDR437W,1,0,6,28,TM,phobius,58.522222222222226,2.5444444444444447,22
YKL028W,0.999963,3.4e-5,20,39,TM,phobius,56.44444444444445,2.8222222222222224,19
YLR020C,1,0,12,31,TM,phobius,45.111111111111114,2.2555555555555555,19
YEL016C,1,6e-6,29,47,TM,phobius,65.02222222222223,3.4222222222222225,18
YFR042W,1,0,12,31,TM,phobius,46,2.3,19
YOL161C,0.002097,0.997853,4,15,SP,phobius,29.06666666666667,2.4222222222222225,11
YDR307W,1,5e-6,29,47,TM,phobius,59.53333333333333,3.1333333333333333,18
YHR211W,2.09e-4,0.999761,7,19,SP,phobius,46.22222222222222,3.5555555555555554,12
YCL057C-A,0.99997,3.5e-5,41,60,TM,phobius,44.66666666666667,2.2333333333333334,19
Q0105,1,1.1e-5,28,52,TM,phobius,70,2.8,24
YIL099W,0.738466,0.261537,11,19,SP,phobius,18.699999999999996,2.0777777777777775,8
YDR144C,3.85e-4,0.999597,3,14,SP,phobius,31.733333333333334,2.6444444444444444,11
YKL209C,1,1e-5,26,47,TM,phobius,59.15555555555556,2.688888888888889,21
YJL004C,1,1.4e-5,30,53,TM,phobius,54.400000000000006,2.266666666666667,23
YGL146C,0.999951,3.6e-5,34,52,TM,phobius,57.21111111111111,3.011111111111111,18
YDR055W,5.95e-4,0.999372,3,14,SP,phobius,30.000000000000007,2.5000000000000004,11
YBR110W,1,0,6,32,TM,phobius,85.5,3.1666666666666665,26
YGR089W,0.999549,4.32e-4,39,60,TM,phobius,63.80000000000001,2.9000000000000004,21
YLR450W,1,1.3e-5,25,44,TM,phobius,66.44444444444444,3.322222222222222,19
YDR090C,1,0,38,59,TM,phobius,51.08888888888888,2.322222222222222,21
YHL017W,2.55e-4,0.999721,4,15,SP,phobius,33.33333333333333,2.7777777777777777,11
YDL128W,0.999961,4.6e-5,40,58,TM,phobius,52.988888888888894,2.788888888888889,18
YGL085W,0.999983,3.9e-5,12,32,TM,phobius,59.03333333333334,2.8111111111111113,20
YGR023W,0.727868,0.272143,21,31,SP,phobius,21.388888888888893,1.9444444444444449,10
YGL139W,5.71e-4,0.999389,10,20,SP,phobius,36.78888888888889,3.3444444444444446,10
YDR079W,0.99991,1.16e-4,18,36,TM,phobius,49.18888888888889,2.588888888888889,18
YDR205W,0.999398,6.09e-4,6,27,TM,phobius,49.37777777777778,2.2444444444444445,21
YLR343W,0.0048,0.995162,9,19,SP,phobius,39.599999999999994,3.5999999999999996,10
YGR036C,1,7e-6,33,54,TM,phobius,61.11111111111111,2.7777777777777777,21
YDR513W,1,2.6e-5,6,26,TM,phobius,78.4,3.7333333333333334,20
YOR010C,2.29e-4,0.999748,6,16,SP,phobius,31.28888888888889,2.8444444444444446,10
YGL010W,1,1e-6,25,43,TM,phobius,41.166666666666664,2.1666666666666665,18
YMR281W,0.999999,9e-6,14,32,TM,phobius,52.988888888888894,2.788888888888889,18
YMR006C,0.264643,0.735356,6,14,SP,phobius,12.5,1.3888888888888888,8
YNL146W,1,5e-6,14,31,TM,phobius,66.8,3.711111111111111,17
YHR078W,0.5542,0.445793,3,12,SP,phobius,34.66666666666667,3.466666666666667,9
YGR012W,0.999722,2.91e-4,12,31,TM,phobius,53.77777777777777,2.6888888888888887,19
YNL095C,0.999984,5e-6,20,38,TM,phobius,52.14444444444445,2.744444444444445,18
YEL040W,2.22e-4,0.999774,8,19,SP,phobius,33.2,2.7666666666666666,11
YLR088W,1,9e-6,20,42,TM,phobius,63.12222222222222,2.7444444444444445,22
YKL163W,3.02e-4,0.999683,7,14,SP,phobius,17.68888888888889,2.2111111111111112,7
YPR149W,1,0,12,28,TM,phobius,51.75555555555556,3.0444444444444447,16
YIL123W,8.63e-4,0.999118,3,11,SP,phobius,14.2,1.5777777777777777,8
YKL018C-A,0.999038,9.6e-4,7,18,SP,phobius,33.06666666666666,2.7555555555555555,11
YPR157W,6.08e-4,0.999358,3,14,SP,phobius,30.666666666666664,2.5555555555555554,11
YFL066C,1,1.1e-5,36,55,TM,phobius,42.22222222222223,2.1111111111111116,19
YNL130C,0.999696,2.8e-4,38,60,TM,phobius,69.25555555555556,3.011111111111111,22
YFL048C,3.49e-4,0.999601,10,20,SP,phobius,30.922222222222224,2.8111111111111113,10
YNL029C,1,4e-6,12,36,TM,phobius,77.5,3.1,24
YMR035W,0.999931,6.8e-5,15,26,SP,phobius,26.26666666666667,2.188888888888889,11
YJR044C,1,0,12,34,TM,phobius,71.8111111111111,3.122222222222222,22
YDR381C-A,0.999855,1.65e-4,12,30,TM,phobius,39.05555555555555,2.0555555555555554,18
YFL040W,1,1.7e-5,28,39,SP,phobius,32.53333333333333,2.711111111111111,11
YBL098W,0.999998,3.7e-5,5,16,SP,phobius,31.999999999999993,2.666666666666666,11
YGR257C,0.998168,0.001842,16,36,TM,phobius,40.599999999999994,1.9333333333333331,20
YBR036C,0.833755,0.166249,4,12,SP,phobius,16.9,1.8777777777777775,8
YPL092W,1,0,16,34,TM,phobius,44.75555555555556,2.3555555555555556,18
YGL027C,0.50554,0.494449,12,20,SP,phobius,24.900000000000002,2.766666666666667,8
YDL036C,1,0,25,33,SP,phobius,16.400000000000002,1.8222222222222224,8
YHR045W,1,8e-6,6,24,TM,phobius,68.82222222222222,3.6222222222222222,18
YBR161W,0.997859,0.002163,7,24,TM,phobius,51.400000000000006,2.855555555555556,17
YIL169C,0.00356,0.996398,8,16,SP,phobius,17.900000000000002,1.9888888888888892,8
YDR371W,1,1e-6,14,34,TM,phobius,75.13333333333334,3.577777777777778,20
YGR294W,9.57e-4,0.999012,4,15,SP,phobius,29.06666666666667,2.4222222222222225,11
YJL171C,2.33e-4,0.999736,4,14,SP,phobius,30.55555555555555,2.7777777777777772,10
YMR200W,0.999638,3.64e-4,11,19,SP,phobius,18.400000000000002,2.0444444444444447,8
YIL027C,1,0,7,17,SP,phobius,22.977777777777778,2.088888888888889,10
YLR162W,0.99968,2.99e-4,38,55,TM,phobius,53.400000000000006,2.966666666666667,17
YOR175C,1,0,20,39,TM,phobius,40.888888888888886,2.0444444444444443,19
YNR050C,1,1e-6,5,14,SP,phobius,23.333333333333336,2.3333333333333335,9
YPL207W,1,6e-6,6,22,TM,phobius,39.66666666666667,2.3333333333333335,16
YMR307W,4.59e-4,0.999535,9,17,SP,phobius,18.400000000000002,2.0444444444444447,8
YJR131W,0.683709,0.316291,6,24,TM,phobius,56.78888888888889,2.988888888888889,18
YJL003W,0.999983,2.8e-5,34,58,TM,phobius,58.611111111111114,2.3444444444444446,24
YLR042C,2.85e-4,0.999689,9,20,SP,phobius,37.46666666666667,3.1222222222222222,11
YER093C-A,1,1.6e-5,16,33,TM,phobius,34,1.8888888888888888,17
YNL160W,0.001333,0.998638,3,14,SP,phobius,33.46666666666667,2.788888888888889,11
YEL036C,0.999056,9.48e-4,21,43,TM,phobius,51.622222222222234,2.244444444444445,22
YOR099W,1,1e-6,17,27,SP,phobius,34.099999999999994,3.0999999999999996,10
YOL019W-A,0.999155,8.55e-4,12,29,TM,phobius,38.4,2.1333333333333333,17
YNR075W,0.998569,0.00141,42,59,TM,phobius,26.6,1.4777777777777779,17
YHR154W,0.91974,0.080248,5,16,SP,phobius,30.666666666666664,2.5555555555555554,11
YDR077W,4.56e-4,0.999494,3,13,SP,phobius,21.144444444444446,1.9222222222222223,10
YJR051W,0.99991,1.01e-4,7,25,TM,phobius,67.34444444444443,3.5444444444444443,18
YIL102C-A,1,0,5,23,TM,phobius,59.53333333333334,3.1333333333333337,18
YMR256C,1,8e-6,28,48,TM,phobius,57.4,2.7333333333333334,20
YOR003W,0.816472,0.183532,3,12,SP,phobius,17.111111111111114,1.7111111111111112,9
YOR387C,2.36e-4,0.999743,3,14,SP,phobius,31.46666666666666,2.622222222222222,11
YLR157C,3.72e-4,0.999601,6,13,SP,phobius,22.31111111111111,2.7888888888888888,7
YLR083C,3.17e-4,0.99964,6,17,SP,phobius,30.53333333333333,2.5444444444444443,11
YGR082W,0.999492,5.26e-4,10,21,SP,phobius,24.800000000000004,2.066666666666667,11
YER004W,1,0,4,15,SP,phobius,24.53333333333334,2.0444444444444447,11
YMR251W-A,0.014502,0.985483,3,14,SP,phobius,28.933333333333337,2.4111111111111114,11
YOR316C,1,0,12,31,TM,phobius,52.66666666666667,2.6333333333333337,19
YBL082C,0.999958,2e-5,32,53,TM,phobius,70.15555555555557,3.188888888888889,21
YBR015C,0.998087,0.001936,12,31,TM,phobius,65.55555555555556,3.277777777777778,19
YPR159C-A,0.999989,0,12,31,TM,phobius,66,3.3,19
YMR292W,1,0,9,29,TM,phobius,59.966666666666676,2.855555555555556,20
YOR383C,2.43e-4,0.999724,3,13,SP,phobius,27.37777777777778,2.488888888888889,10
YKL046C,6.07e-4,0.99937,6,16,SP,phobius,32.144444444444446,2.9222222222222225,10
YBR262C,0.999979,3.6e-5,12,29,TM,phobius,37,2.0555555555555554,17
YCL048W,0.005318,0.994644,9,20,SP,phobius,33.86666666666667,2.8222222222222224,11
YDR506C,0.182511,0.817461,9,19,SP,phobius,33.733333333333334,3.066666666666667,10
YLR001C,0.904409,0.095599,10,20,SP,phobius,24.81111111111111,2.2555555555555555,10
YBR187W,0.042209000000000003,0.957779,8,18,SP,phobius,26.888888888888893,2.4444444444444446,10
YJR103W,1,0,4,15,SP,phobius,25.199999999999996,2.0999999999999996,11
YFL051C,2.84e-4,0.999702,7,18,SP,phobius,37.333333333333336,3.111111111111111,11
YJL205C,1,2e-6,12,29,TM,phobius,51.80000000000001,2.877777777777778,17
YLL051C,2.7e-4,0.999686,4,12,SP,phobius,20.2,2.2444444444444445,8
YNL142W,1,8e-6,32,53,TM,phobius,49.62222222222222,2.2555555555555555,21
YER057C,1,0,2,10,SP,phobius,15.5,1.7222222222222223,8
YNR060W,3.45e-4,0.999632,2,13,SP,phobius,31.200000000000003,2.6,11
YGR183C,1,3e-6,15,40,TM,phobius,60.66666666666667,2.3333333333333335,25
YOL132W,2.56e-4,0.999726,3,13,SP,phobius,34.34444444444444,3.122222222222222,10
YLL023C,1,5e-6,34,52,TM,phobius,47.71111111111111,2.511111111111111,18
YKL165C,1,0,7,30,TM,phobius,62.13333333333334,2.588888888888889,23
YKL164C,3.7e-4,0.999604,6,13,SP,phobius,17.68888888888889,2.2111111111111112,7
YGL142C,1,2e-6,17,36,TM,phobius,40.666666666666664,2.033333333333333,19
YNL283C,3.09e-4,0.999667,10,18,SP,phobius,25.9,2.8777777777777778,8
YLR194C,0.001821,0.998131,3,14,SP,phobius,28.13333333333334,2.344444444444445,11
YJL151C,1,1e-6,21,37,TM,phobius,58.177777777777784,3.4222222222222225,16
YKL201C,1,1.4e-5,28,45,TM,phobius,60.80000000000001,3.377777777777778,17
YLL014W,0.999801,1.86e-4,32,60,TM,phobius,76.04444444444445,2.6222222222222222,28
YER038W-A,0.345613,0.654362,11,21,SP,phobius,32.63333333333333,2.966666666666667,10
YDR382W,1,1e-6,4,11,SP,phobius,18.133333333333333,2.2666666666666666,7
YOL077W-A,1,8e-6,17,28,SP,phobius,35.46666666666666,2.9555555555555553,11
YJR004C,3.1e-4,0.999673,3,14,SP,phobius,31.06666666666667,2.588888888888889,11
YDR100W,1,1e-6,12,32,TM,phobius,47.36666666666666,2.255555555555555,20
YFR041C,0.00197,0.99802,8,15,SP,phobius,23.644444444444442,2.9555555555555553,7
YIL165C,0.926245,0.073755,10,18,SP,phobius,19.4,2.1555555555555554,8
YAR050W,2.38e-4,0.999753,9,19,SP,phobius,30.677777777777784,2.7888888888888896,10
YBL008W-A,0.763306,0.236699,6,19,SP,phobius,34.22222222222223,2.4444444444444446,13
YDR119W-A,0.998912,0.001055,40,60,TM,phobius,42.699999999999996,2.033333333333333,20
YDL067C,0.962293,0.03771,14,34,TM,phobius,51.333333333333336,2.4444444444444446,20
YAL068C,0.001318,0.998667,4,15,SP,phobius,29.06666666666667,2.4222222222222225,11
YDL206W,1,0,7,23,TM,phobius,35.51111111111111,2.088888888888889,16
YML031W,1,5e-6,34,51,TM,phobius,49.2,2.7333333333333334,17
YGR035W-A,0.998531,0.001462,6,25,TM,phobius,45.1111111111111,2.255555555555555,19
YLR110C,5.21e-4,0.999447,3,13,SP,phobius,25.78888888888889,2.3444444444444446,10
YFL020C,0.001653,0.998318,4,15,SP,phobius,29.06666666666667,2.4222222222222225,11
YHR001W-A,0.99999,1.3e-5,30,48,TM,phobius,42.011111111111106,2.211111111111111,18
YDR107C,2.89e-4,0.999689,4,15,SP,phobius,22.799999999999997,1.8999999999999997,11
YJL193W,1,0,12,30,TM,phobius,43.06666666666666,2.2666666666666666,18
YDL119C,0.999983,2.8e-5,12,34,TM,phobius,41.144444444444446,1.788888888888889,22
YIL046W-A,0.995986,0.004016,17,50,TM,phobius,114.08888888888889,3.3555555555555556,33
YAR028W,0.99993,7.5e-5,40,59,TM,phobius,74.00000000000001,3.7000000000000006,19
YDR481C,1,2.4e-5,34,53,TM,phobius,68,3.4000000000000004,19
YJR106W,1,1e-6,21,40,TM,phobius,65.55555555555556,3.277777777777778,19
YHR009C,0.999961,3.6e-5,23,41,TM,phobius,53.2,2.8000000000000003,18
YLR461W,0.001464,0.998501,4,15,SP,phobius,29.06666666666667,2.4222222222222225,11
YMR101C,0.999976,1.9e-5,32,51,TM,phobius,36,1.7999999999999998,19
YKR105C,0.999988,1.7e-5,34,57,TM,phobius,62.13333333333334,2.588888888888889,23
YDR135C,1,3e-6,36,54,TM,phobius,45.81111111111112,2.4111111111111114,18
YDL218W,1,0,4,12,SP,phobius,20.800000000000004,2.311111111111112,8
YCL005W-A,1,0,6,25,TM,phobius,60.44444444444444,3.022222222222222,19
YKL034W,2.42e-4,0.999742,8,19,SP,phobius,46.800000000000004,3.9000000000000004,11
YKR013W,0.013476,0.986501,6,13,SP,phobius,15.466666666666669,1.9333333333333336,7
YBR126W-A,1,1.4e-5,23,44,TM,phobius,67.46666666666667,3.066666666666667,21
YBL089W,1,0,33,53,TM,phobius,54.833333333333336,2.611111111111111,20
YDR349C,0.001253,0.998709,3,13,SP,phobius,25.788888888888884,2.344444444444444,10
YJR139C,0.999986,2.8e-5,6,25,TM,phobius,53.55555555555555,2.6777777777777776,19
YDL212W,1,0,7,27,TM,phobius,39.89999999999999,1.8999999999999997,20
YNL184C,0.999976,2.1e-5,40,58,TM,phobius,44.544444444444444,2.3444444444444446,18
YLR087C,1,6e-6,26,56,TM,phobius,94.37777777777778,3.0444444444444447,30
YNL066W,0.001323,0.998644,3,14,SP,phobius,17.466666666666665,1.4555555555555555,11
YCL048W-A,4.05e-4,0.999568,6,13,SP,phobius,20.533333333333335,2.566666666666667,7
YIL029C,0.994858,0.005131,31,50,TM,phobius,44.222222222222214,2.211111111111111,19
YDL180W,1,5e-6,21,39,TM,phobius,50.24444444444444,2.6444444444444444,18
YPL244C,1,0,7,25,TM,phobius,51.93333333333334,2.7333333333333334,18
YKL220C,2.76e-4,0.9997,4,15,SP,phobius,35.6,2.966666666666667,11
YGR026W,0.999985,1.3e-5,31,55,TM,phobius,70.2777777777778,2.811111111111112,24
YGR079W,0.914678,0.085324,12,29,TM,phobius,57.4,3.1888888888888887,17
YDL130W,0.973903,0.026097,4,12,SP,phobius,25.700000000000003,2.855555555555556,8
YKL027W,0.999803,2.23e-4,6,28,TM,phobius,49.06666666666668,2.1333333333333337,22
YBR139W,2.68e-4,0.999726,6,16,SP,phobius,33.488888888888894,3.0444444444444447,10
YDR057W,0.743779,0.256226,8,18,SP,phobius,24.933333333333334,2.2666666666666666,10
YLR265C,0.999983,1.5e-5,27,47,TM,phobius,70.7,3.3666666666666667,20
YIL016W,1,0,20,39,TM,phobius,72.22222222222223,3.611111111111111,19
YOL052C-A,0.011119,0.988851,6,17,SP,phobius,30.93333333333333,2.5777777777777775,11
YPL098C,1,4e-6,21,43,TM,phobius,54.17777777777779,2.355555555555556,22
YER017C,1,0,14,21,SP,phobius,4.977777777777778,0.6222222222222222,7
YGL126W,1,0,8,19,SP,phobius,32.266666666666666,2.6888888888888887,11
YBR200W-A,0.999076,9.21e-4,24,34,SP,phobius,24.077777777777776,2.1888888888888887,10
YJR150C,4.31e-4,0.999531,4,14,SP,phobius,33.855555555555554,3.077777777777778,10
YIL173W,3.82e-4,0.999583,6,16,SP,phobius,31.65555555555556,2.877777777777778,10
YNR076W,0.001318,0.998667,4,15,SP,phobius,29.06666666666667,2.4222222222222225,11
YNL334C,1,1.3e-5,3,10,SP,phobius,22.57777777777778,2.8222222222222224,7
YOR389W,0.998543,0.001467,8,19,SP,phobius,42.53333333333334,3.5444444444444447,11
YGL089C,6.78e-4,0.999295,3,14,SP,phobius,33.06666666666666,2.7555555555555555,11
YER145C,1,0,6,32,TM,phobius,90.60000000000001,3.3555555555555556,26
YCR089W,4.19e-4,0.999572,4,14,SP,phobius,22.855555555555558,2.077777777777778,10
YKL065W-A,0.999964,3.4e-5,37,54,TM,phobius,49.2,2.7333333333333334,17
YDL164C,1,0,4,11,SP,phobius,13.333333333333334,1.6666666666666667,7
YOR008C,2.96e-4,0.99969,6,16,SP,phobius,34.58888888888889,3.1444444444444444,10
YBR229C,2.62e-4,0.999711,6,17,SP,phobius,26.533333333333335,2.2111111111111112,11
YEL027W,1,1.2e-5,7,30,TM,phobius,56.53333333333333,2.3555555555555556,23
YHR110W,0.00132,0.99866,5,15,SP,phobius,27.62222222222222,2.511111111111111,10
YJL062W-A,1,7e-6,30,49,TM,phobius,48.22222222222222,2.411111111111111,19
YCL043C,5.36e-4,0.999435,6,17,SP,phobius,23.733333333333334,1.9777777777777779,11
YLR057W,1,2e-6,17,28,SP,phobius,34.53333333333334,2.877777777777778,11
YOR288C,2.73e-4,0.999693,9,16,SP,phobius,20.17777777777778,2.5222222222222226,7
YBR090C,0.999728,2.82e-4,12,29,TM,phobius,48,2.6666666666666665,17
YBR004C,0.963149,0.036864,6,25,TM,phobius,46.44444444444444,2.322222222222222,19
YPR004C,1,1e-6,4,9,SP,phobius,10.266666666666666,1.711111111111111,5
YOL039W,1,3.3e-5,3,10,SP,phobius,14.044444444444444,1.7555555555555555,7
YDR182W,0.999937,5.9e-5,42,60,TM,phobius,47.92222222222222,2.522222222222222,18
YGR227W,1,6e-6,36,56,TM,phobius,60.433333333333344,2.877777777777778,20
YJL133C-A,1,0,8,18,SP,phobius,15.64444444444444,1.4222222222222218,10
YOR154W,0.078626,0.92133,6,22,TM,phobius,43.82222222222222,2.577777777777778,16
YER154W,1,0,8,15,SP,phobius,6.755555555555556,0.8444444444444446,7
YFL068W,0.999984,8e-6,39,58,TM,phobius,44.888888888888886,2.2444444444444445,19
YPR128C,1,4e-6,2,12,SP,phobius,16.37777777777778,1.488888888888889,10
YDR503C,1,1e-6,16,33,TM,phobius,50.6,2.8111111111111113,17
YDL070W,1,1e-6,11,18,SP,phobius,8.177777777777779,1.0222222222222224,7
YMR040W,1,0,6,27,TM,phobius,76.02222222222223,3.4555555555555557,21
YPR033C,1,0,23,31,SP,phobius,6.1,0.6777777777777777,8
Q0075,0.972347,0.027658,20,39,TM,phobius,27.77777777777778,1.3888888888888888,19
YDR003W,0.999931,8.9e-5,38,56,TM,phobius,69.66666666666666,3.6666666666666665,18
YOR247W,3.79e-4,0.999592,4,14,SP,phobius,31.16666666666667,2.833333333333334,10
YJL052C-A,0.999785,2.2e-4,7,14,SP,phobius,7.733333333333331,0.9666666666666663,7
YLR413W,0.900746,0.099264,5,20,SP,phobius,47.82222222222222,2.988888888888889,15
YNL237W,0.388872,0.611121,15,26,SP,phobius,39.06666666666666,3.2555555555555555,11
YGL236C,1,0,4,12,SP,phobius,8.799999999999999,0.9777777777777776,8
YKL063C,0.99998,1.5e-5,37,55,TM,phobius,65.44444444444444,3.4444444444444446,18
YDR367W,1,0,12,31,TM,phobius,50.88888888888889,2.5444444444444447,19
YMR171C,0.611754,0.388232,41,60,TM,phobius,61.99999999999999,3.0999999999999996,19
YKL141W,1,0,14,22,SP,phobius,11.5,1.2777777777777777,8
YAL058W,0.00156,0.9984,7,17,SP,phobius,23.95555555555556,2.177777777777778,10
YHR007C,1,1e-5,31,51,TM,phobius,62.300000000000004,2.966666666666667,20
YMR134W,0.999955,4.1e-5,36,56,TM,phobius,62.300000000000004,2.966666666666667,20
YPL234C,1,1.4e-5,13,36,TM,phobius,56.53333333333333,2.3555555555555556,23
YOR032W-A,1,3e-6,12,32,TM,phobius,41.533333333333324,1.9777777777777774,20
YLL015W,1,2e-6,24,44,TM,phobius,52.50000000000001,2.5000000000000004,20
YER150W,8.29e-4,0.999161,7,18,SP,phobius,25.46666666666666,2.122222222222222,11
YLR050C,0.999858,1.65e-4,12,33,TM,phobius,47.91111111111112,2.177777777777778,21
YDR105C,0.999955,7.2e-5,6,28,TM,phobius,43.955555555555556,1.911111111111111,22
YHL050C,0.999997,1.2e-5,36,55,TM,phobius,42.22222222222223,2.1111111111111116,19
YMR149W,0.001647,0.998308,7,18,SP,phobius,32.266666666666666,2.6888888888888887,11
YDR261C,2.98e-4,0.999651,6,17,SP,phobius,32.93333333333334,2.7444444444444445,11
YKR103W,1,1e-6,30,49,TM,phobius,53.33333333333333,2.6666666666666665,19
YFR006W,1,0,6,24,TM,phobius,51.93333333333332,2.733333333333333,18
YHR042W,0.999757,2.63e-4,6,24,TM,phobius,59.74444444444444,3.1444444444444444,18
YMR315W-A,0.994686,0.005312,13,20,SP,phobius,16.17777777777778,2.0222222222222226,7
YGR105W,1,0,12,32,TM,phobius,56.23333333333334,2.677777777777778,20
YFR039C,0.93559,0.06442,7,18,SP,phobius,36,3,11
YIL039W,1,1e-6,9,27,TM,phobius,42.855555555555554,2.2555555555555555,18
YHR139C,2.93e-4,0.999685,3,14,SP,phobius,32.13333333333334,2.6777777777777785,11
YLR207W,3.16e-4,0.999657,2,12,SP,phobius,33.733333333333334,3.0666666666666664,10
YAR023C,1,0,4,15,SP,phobius,38.400000000000006,3.2,11
YLR389C,0.999957,6.2e-5,3,14,SP,phobius,21.066666666666666,1.7555555555555555,11
YGR146C-A,0.999746,2.45e-4,9,20,SP,phobius,22.4,1.8666666666666667,11
YBR005W,0.999941,5.5e-5,40,60,TM,phobius,77.23333333333333,3.677777777777778,20
YIL155C,0.998385,0.001616,9,16,SP,phobius,12.533333333333335,1.5666666666666669,7
YDR056C,0.007518,0.99245,5,12,SP,phobius,23.288888888888888,2.911111111111111,7
YNR028W,0.034919,0.965046,4,14,SP,phobius,23.71111111111111,2.1555555555555554,10
YJR117W,1,2e-6,13,35,TM,phobius,50.85555555555555,2.211111111111111,22
YFL060C,1,1.3e-5,3,10,SP,phobius,22.57777777777778,2.8222222222222224,7
YLL005C,1,1.6e-5,35,56,TM,phobius,54.266666666666666,2.466666666666667,21
YGL228W,0.208065,0.791909,7,18,SP,phobius,29.6,2.466666666666667,11
YDR018C,1,8e-6,27,51,TM,phobius,74.16666666666667,2.966666666666667,24
YPR010C-A,0.999875,1.21e-4,24,43,TM,phobius,57.333333333333336,2.8666666666666667,19
YIR020C,1,1.5e-5,20,42,TM,phobius,66.7,2.9000000000000004,22
YKR016W,0.999852,1.34e-4,38,56,TM,phobius,30.18888888888889,1.588888888888889,18
YJL097W,1,0,12,34,TM,phobius,52.388888888888886,2.2777777777777777,22
YAL055W,1,1e-6,12,32,TM,phobius,55.3,2.6333333333333333,20
YDL174C,0.999885,9.3e-5,43,60,TM,phobius,33.2,1.8444444444444446,17
YJR073C,1,1e-6,23,40,TM,phobius,34.6,1.9222222222222223,17
YIL088C,1,1e-6,35,56,TM,phobius,66.97777777777779,3.0444444444444447,21
YKL178C,1,0,33,54,TM,phobius,61.35555555555557,2.7888888888888896,21
YJR161C,0.999825,1.56e-4,36,57,TM,phobius,48.64444444444444,2.211111111111111,21
YKR067W,1,1.1e-5,35,55,TM,phobius,50.866666666666674,2.4222222222222225,20
YPL130W,0.009018,0.990955,5,15,SP,phobius,25.422222222222224,2.3111111111111113,10
YCL009C,1,1e-6,13,24,SP,phobius,18.800000000000004,1.5666666666666669,11
YDR534C,3.18e-4,0.999674,3,14,SP,phobius,28.800000000000004,2.4000000000000004,11
YDL121C,1,9e-6,6,26,TM,phobius,80.26666666666668,3.822222222222223,20
YCR069W,4.24e-4,0.999546,6,16,SP,phobius,28.84444444444444,2.622222222222222,10
YKL004W,0.999966,5.6e-5,45,60,TM,phobius,41.422222222222224,2.588888888888889,15
YOL031C,0.316896,0.683077,4,12,SP,phobius,24.3,2.7,8
YKL207W,1,0,6,25,TM,phobius,56.66666666666668,2.833333333333334,19
YGL032C,2.98e-4,0.999681,3,13,SP,phobius,29.577777777777776,2.6888888888888887,10
YOL060C,0.893554,0.106451,16,37,TM,phobius,47.42222222222223,2.155555555555556,21
YJL208C,0.985352,0.014649,5,13,SP,phobius,22.3,2.477777777777778,8
YNL158W,4.89e-4,0.999483,7,18,SP,phobius,36.26666666666667,3.0222222222222226,11
YFL011W,0.999746,2.53e-4,39,58,TM,phobius,53.33333333333333,2.6666666666666665,19
YKR042W,4e-4,0.999561,3,11,SP,phobius,19,2.111111111111111,8
YJL223C,0.001318,0.998667,4,15,SP,phobius,29.06666666666667,2.4222222222222225,11
YMR182W-A,0.918488,0.081514,5,15,SP,phobius,25.666666666666668,2.3333333333333335,10
YJL104W,1,1e-6,6,17,SP,phobius,23.600000000000005,1.966666666666667,11
Q0080,1,0,15,40,TM,phobius,84.35555555555557,3.244444444444445,25
YDL144C,0.99936,6.33e-4,4,15,SP,phobius,29.06666666666667,2.4222222222222225,11
YCR075C,1,0,6,28,TM,phobius,46,2,22
YHR147C,0.997017,0.00299,8,15,SP,phobius,7.555555555555555,0.9444444444444444,7
YPL162C,1,0,12,34,TM,phobius,70.78888888888888,3.0777777777777775,22
YML027W,1,0,8,17,SP,phobius,14.555555555555557,1.4555555555555557,9
YDL237W,0.998398,0.001614,7,24,TM,phobius,51.6,2.8666666666666667,17
YBR040W,0.391406,0.608589,20,41,TM,phobius,83.84444444444443,3.811111111111111,21
YJL132W,0.615611,0.38438,8,20,SP,phobius,36.97777777777778,2.8444444444444446,12
YIR022W,0.999993,3e-5,10,20,SP,phobius,26.888888888888893,2.4444444444444446,10
YLL006W-A,1,0,12,40,TM,phobius,75.72222222222223,2.611111111111111,28
YCR104W,0.009713,0.99026,4,15,SP,phobius,29.06666666666667,2.4222222222222225,11
YPR098C,0.999894,1.06e-4,12,32,TM,phobius,41.3,1.9666666666666666,20
YEL004W,1,0,7,16,SP,phobius,21.777777777777775,2.1777777777777776,9
YPR124W,1,0,40,48,SP,phobius,8.200000000000001,0.9111111111111112,8
YMR221C,0.991309,0.008703,12,32,TM,phobius,52.966666666666676,2.5222222222222226,20
YLR443W,1,1e-5,26,47,TM,phobius,58.177777777777784,2.644444444444445,21
YKL187C,1,5e-6,14,38,TM,phobius,77.5,3.1,24
YPL189C-A,0.221563,0.778429,12,31,TM,phobius,54.22222222222223,2.7111111111111112,19
YDR072C,1,4e-6,24,45,TM,phobius,47.17777777777778,2.1444444444444444,21
YER011W,2.27e-4,0.999747,6,16,SP,phobius,30.066666666666666,2.7333333333333334,10
YMR008C,2.16e-4,0.999744,6,17,SP,phobius,29.200000000000003,2.4333333333333336,11
YKL096W-A,3.61e-4,0.999622,4,15,SP,phobius,31.733333333333334,2.6444444444444444,11
YHR079C,0.02969,0.97030400000000006,9,19,SP,phobius,36.177777777777784,3.288888888888889,10
YMR095C,1,3e-6,15,26,SP,phobius,26.533333333333335,2.2111111111111112,11
YNL219C,0.001393,0.998568,5,16,SP,phobius,39.06666666666667,3.255555555555556,11
YMR266W,1,0,27,46,TM,phobius,72,3.5999999999999996,19
YHR173C,0.950716,0.049288,2,10,SP,phobius,18.8,2.088888888888889,8
YBR201C-A,0.999987,2.6e-5,25,42,TM,phobius,35.2,1.9555555555555557,17
YOL159C,8.19e-4,0.999156,4,15,SP,phobius,29.866666666666667,2.488888888888889,11
YEL001C,0.007965,0.992036,6,16,SP,phobius,19.799999999999997,1.7999999999999998,10
YLR037C,7.87e-4,0.999202,4,15,SP,phobius,32.266666666666666,2.688888888888889,11
YIL140W,2.31e-4,0.999736,6,17,SP,phobius,26.66666666666667,2.2222222222222228,11
YMR244W,3.47e-4,0.999617,6,17,SP,phobius,29.733333333333334,2.477777777777778,11
Q0055,1,1e-6,15,36,TM,phobius,59.400000000000006,2.7,21
YGL104C,0.999984,1.5e-5,27,46,TM,phobius,52.44444444444444,2.6222222222222222,19
YPL189W,0.971362,0.028639,6,14,SP,phobius,16.400000000000002,1.8222222222222224,8
YDR366C,0.999011,0.001008,6,26,TM,phobius,75.60000000000001,3.6000000000000005,20
Q0065,1,1e-6,15,36,TM,phobius,59.400000000000006,2.7,21
YDR284C,1,6e-6,21,37,TM,phobius,63.844444444444434,3.755555555555555,16
YJL143W,0.999953,5.9e-5,12,35,TM,phobius,45.86666666666666,1.911111111111111,23
YHL042W,0.999964,4.4e-5,24,35,SP,phobius,41.46666666666666,3.4555555555555553,11
YBR205W,0.999922,7.1e-5,28,39,SP,phobius,39.2,3.266666666666667,11
YML018C,1,0,15,38,TM,phobius,79.73333333333332,3.322222222222222,23
YLR138W,1,0,12,33,TM,phobius,49.86666666666667,2.2666666666666666,21
YLR456W,1,0,20,41,TM,phobius,39.355555555555554,1.7888888888888888,21
YPL134C,0.999791,2.15e-4,12,32,TM,phobius,41.06666666666666,1.9555555555555553,20
YNL217W,1,4e-6,12,30,TM,phobius,63.544444444444444,3.3444444444444446,18
YML030W,0.999859,1.2e-4,33,52,TM,phobius,44.66666666666666,2.233333333333333,19
YDL046W,2.39e-4,0.999757,7,17,SP,phobius,28.233333333333334,2.566666666666667,10
YJL078C,4e-4,0.999582,4,14,SP,phobius,34.099999999999994,3.0999999999999996,10
YEL017C-A,1,0,6,30,TM,phobius,87.77777777777777,3.511111111111111,24
YHL026C,1,0,20,49,TM,phobius,95.33333333333334,3.177777777777778,29
YCR028C,1,3e-6,29,47,TM,phobius,57.21111111111111,3.011111111111111,18
YER058W,0.95988,0.040126,7,17,SP,phobius,26.15555555555556,2.377777777777778,10
YNR059W,1,0,11,26,SP,phobius,44.62222222222223,2.788888888888889,15
YLR066W,1,2e-6,15,34,TM,phobius,66.66666666666667,3.3333333333333335,19
YDL232W,1,0,7,28,TM,phobius,70.4,3.2,21
YOL013C,1,0,12,29,TM,phobius,51,2.8333333333333335,17
YAL008W,0.999996,1e-5,40,59,TM,phobius,37.55555555555555,1.8777777777777775,19
YPR170W-B,1,0,12,31,TM,phobius,60,3,19
YDR304C,0.001754,0.998214,6,17,SP,phobius,32.13333333333334,2.677777777777778,11
YDR033W,0.999938,9.3e-5,35,55,TM,phobius,56.46666666666667,2.688888888888889,20
YOR097C,1,1e-5,21,42,TM,phobius,45.22222222222223,2.055555555555556,21
YNL320W,1,4e-6,9,17,SP,phobius,21.3,2.3666666666666667,8
YML052W,1,0,7,29,TM,phobius,76.41111111111111,3.322222222222222,22
YHL046C,0.001318,0.998667,4,15,SP,phobius,29.06666666666667,2.4222222222222225,11
YJL062W,1,0,8,19,SP,phobius,42.13333333333333,3.511111111111111,11
YEL033W,1,4e-6,15,33,TM,phobius,48.55555555555555,2.5555555555555554,18
YGL258W,2.45e-4,0.999732,3,14,SP,phobius,31.866666666666667,2.6555555555555554,11
YML061C,1,0,18,28,SP,phobius,18.45555555555556,1.677777777777778,10
YJL139C,0.989189,0.010819,6,25,TM,phobius,47.55555555555556,2.3777777777777778,19
Q0045,1,1e-6,15,36,TM,phobius,59.400000000000006,2.7,21
YPR037C,0.949115,0.050898,9,26,TM,phobius,48.60000000000001,2.7000000000000006,17
YHR098C,1,0,6,16,SP,phobius,24.566666666666666,2.2333333333333334,10
YLR103C,1,3e-6,27,49,TM,phobius,56.733333333333334,2.466666666666667,22
YCL045C,3.34e-4,0.99965,8,17,SP,phobius,31.77777777777778,3.177777777777778,9
Q0070,1,1e-6,15,36,TM,phobius,59.400000000000006,2.7,21
YIR021W-A,1,1e-6,15,36,TM,phobius,70.64444444444445,3.2111111111111112,21
YGL259W,0.026907,0.973065,3,13,SP,phobius,24.566666666666666,2.2333333333333334,10
YBR207W,1,1e-6,6,33,TM,phobius,102.35555555555555,3.6555555555555554,27
YML073C,1,0,30,47,TM,phobius,43.2,2.4000000000000004,17
YLR084C,0.064456,0.935523,6,15,SP,phobius,20.666666666666664,2.0666666666666664,9
YNL277W-A,0.999953,4.2e-5,38,54,TM,phobius,53.833333333333336,3.166666666666667,16
YML055W,0.999992,2.2e-5,41,59,TM,phobius,46.86666666666667,2.466666666666667,18
YLR046C,0.999968,2e-5,37,57,TM,phobius,52.266666666666666,2.488888888888889,20
YHR003C,0.957481,0.042522,8,18,SP,phobius,22.488888888888887,2.0444444444444443,10
YDR221W,0.004218,0.995764,5,12,SP,phobius,23.46666666666667,2.9333333333333336,7
YPL264C,1,1e-6,15,37,TM,phobius,64.65555555555557,2.8111111111111113,22
YIL054W,0.998191,0.001804,42,60,TM,phobius,61.855555555555554,3.2555555555555555,18
YOR382W,0.010675,0.989307,3,13,SP,phobius,15.522222222222224,1.4111111111111112,10
YOR214C,0.048044,0.95194,4,15,SP,phobius,26.266666666666666,2.1888888888888887,11
YGR014W,3.1e-4,0.999666,5,16,SP,phobius,30.53333333333333,2.5444444444444443,11
YOR152C,0.945663,0.054345,4,12,SP,phobius,23.800000000000004,2.644444444444445,8
YHR126C,2.87e-4,0.99968,3,13,SP,phobius,25.91111111111111,2.3555555555555556,10
YMR247W-A,0.999152,8.52e-4,10,19,SP,phobius,24.666666666666668,2.466666666666667,9
YER078W-A,0.998814,0.001185,21,43,TM,phobius,58.52222222222222,2.5444444444444443,22
YBR159W,0.999985,9e-6,20,44,TM,phobius,65.55555555555556,2.6222222222222222,24
YLR286C,4.78e-4,0.999505,3,16,SP,phobius,38.88888888888889,2.777777777777778,13
YJL059W,1,0,12,35,TM,phobius,65.06666666666666,2.7111111111111112,23
YDL049C,5.08e-4,0.999466,4,15,SP,phobius,38.400000000000006,3.2000000000000006,11
YCL027W,0.948827,0.051172,8,19,SP,phobius,20.8,1.7333333333333334,11
YLR120C,0.958678,0.041324,8,16,SP,phobius,15.8,1.7555555555555555,8
YBR301W,0.001105,0.998869,4,15,SP,phobius,29.06666666666667,2.4222222222222225,11
YLR250W,0.02129,0.978675,7,15,SP,phobius,20.500000000000004,2.277777777777778,8
YKR066C,0.999942,6.3e-5,20,37,TM,phobius,33.2,1.8444444444444446,17
YPR201W,1,7e-6,35,55,TM,phobius,74.43333333333334,3.5444444444444443,20
YOR222W,1,2.1e-5,12,33,TM,phobius,44,2,21
YOL030W,0.043322,0.956664,6,14,SP,phobius,18.8,2.088888888888889,8
YPR139C,1,7e-6,31,53,TM,phobius,69.25555555555556,3.011111111111111,22
YOR254C,1,1e-6,14,32,TM,phobius,52.98888888888889,2.7888888888888888,18
YFR012W,0.999846,1.64e-4,6,17,SP,phobius,31.600000000000005,2.6333333333333337,11
YDR182W-A,0.999966,4.5e-5,19,30,SP,phobius,28,2.3333333333333335,11
YKL221W,0.999957,5.5e-5,40,58,TM,phobius,56.78888888888889,2.988888888888889,18
YER039C,1,0,12,30,TM,phobius,43.27777777777778,2.2777777777777777,18
YDR387C,0.999997,1.3e-5,33,55,TM,phobius,51.36666666666667,2.2333333333333334,22
YIR019C,2.73e-4,0.999721,5,16,SP,phobius,30.53333333333334,2.5444444444444447,11
Q0130,1,1e-6,12,34,TM,phobius,75.9,3.3000000000000003,22
YJL192C,2.89e-4,0.999694,5,15,SP,phobius,34.711111111111116,3.155555555555556,10
YHR181W,1,0,6,29,TM,phobius,58.13333333333334,2.4222222222222225,23
YMR243C,1,0,7,28,TM,phobius,54.266666666666666,2.466666666666667,21
YJR061W,1,6e-6,20,41,TM,phobius,72.11111111111111,3.2777777777777777,21
YBR243C,1,3e-6,4,15,SP,phobius,30.93333333333333,2.5777777777777775,11
YOR105W,1,1e-5,27,36,SP,phobius,24.88888888888889,2.488888888888889,9
YJL127C-B,0.9976,0.002388,28,46,TM,phobius,44.75555555555557,2.355555555555556,18
YGR150C,1,3e-6,12,19,SP,phobius,12.444444444444445,1.5555555555555556,7
YLR390W-A,2.61e-4,0.999707,6,17,SP,phobius,25.600000000000005,2.1333333333333337,11
YHL035C,1,1.3e-5,29,47,TM,phobius,51.08888888888888,2.6888888888888887,18
YCR068W,0.999995,1e-6,12,34,TM,phobius,63.8888888888889,2.777777777777778,22
YIR039C,0.027986,0.971995,3,13,SP,phobius,26.644444444444446,2.4222222222222225,10
YML066C,0.996237,0.003785,7,27,TM,phobius,64.16666666666666,3.0555555555555554,20
YLR151C,0.999934,7e-5,40,58,TM,phobius,62.488888888888894,3.288888888888889,18
YOR016C,2.31e-4,0.999754,3,16,SP,phobius,42.77777777777777,3.0555555555555554,13
YHR021W-A,0.994406,0.005588,7,24,TM,phobius,46.6,2.588888888888889,17
YBR171W,1,3e-6,28,48,TM,phobius,72.1,3.433333333333333,20
YML129C,0.99999,3e-5,20,38,TM,phobius,37.15555555555556,1.9555555555555557,18
YBR220C,1,1e-6,20,43,TM,phobius,58.13333333333334,2.4222222222222225,23
YNL327W,6.55e-4,0.999313,4,15,SP,phobius,27.2,2.2666666666666666,11
YMR058W,2.96e-4,0.999669,4,16,SP,phobius,40.01111111111111,3.077777777777778,12
YPL050C,1,2e-6,15,33,TM,phobius,61.011111111111106,3.211111111111111,18
YKR051W,1,0,6,29,TM,phobius,54.13333333333333,2.2555555555555555,23
YBR293W,1,0,35,56,TM,phobius,45.46666666666666,2.0666666666666664,21
YNR067C,0.014533,0.985428,3,11,SP,phobius,23.6,2.6222222222222222,8
YOR190W,3.52e-4,0.999611,7,15,SP,phobius,16.9,1.8777777777777775,8
YIR024C,0.999844,1.4e-4,44,60,TM,phobius,45.90000000000001,2.7000000000000006,16
YOL155C,0.001042,0.99893,8,16,SP,phobius,21.3,2.3666666666666667,8
YMR325W,0.001667,0.99830700000000006,4,15,SP,phobius,29.06666666666667,2.4222222222222225,11
YIL158W,1,0,6,27,TM,phobius,73.08888888888889,3.3222222222222224,21
YOL019W,1,3e-6,7,33,TM,phobius,76.8,2.8444444444444446,26
YDR459C,0.999807,2.03e-4,17,28,SP,phobius,36.13333333333334,3.0111111111111115,11
YPL156C,1,2e-6,20,38,TM,phobius,56.78888888888889,2.988888888888889,18
YLR251W,0.99128,0.008723,20,38,TM,phobius,37.57777777777777,1.9777777777777774,18
YMR297W,3.36e-4,0.999643,3,13,SP,phobius,20.288888888888884,1.844444444444444,10
YJL158C,2.41e-4,0.999738,6,16,SP,phobius,24.933333333333337,2.266666666666667,10
YCR024C-B,1,1e-6,6,25,TM,phobius,48.44444444444444,2.422222222222222,19
YBR013C,0.006313,0.993688,8,16,SP,phobius,27.1,3.011111111111111,8
YIL015W,3.08e-4,0.999672,7,19,SP,phobius,38.56666666666667,2.966666666666667,12
YNL328C,0.960003,0.040012,5,16,SP,phobius,33.599999999999994,2.8,11
YER190C-B,0.999986,9e-6,39,58,TM,phobius,44.888888888888886,2.2444444444444445,19
YOL007C,0.095646,0.904326,11,20,SP,phobius,28.111111111111118,2.811111111111112,9
YLR064W,1,3e-6,25,43,TM,phobius,35.67777777777777,1.8777777777777775,18
YLL031C,0.999987,1.7e-5,34,58,TM,phobius,95.55555555555557,3.822222222222223,24
YGL086W,1,0,5,15,SP,phobius,18.333333333333336,1.6666666666666667,10
YNL129W,0.26619,0.733791,6,14,SP,phobius,23.6,2.6222222222222222,8
YHR138C,2.4e-4,0.999755,3,14,SP,phobius,40.13333333333333,3.3444444444444446,11
YGR106C,0.003984,0.996016,6,17,SP,phobius,29.199999999999996,2.433333333333333,11
YGL002W,0.003345,0.996634,6,24,TM,phobius,55.31111111111112,2.9111111111111114,18
YHL028W,3.37e-4,0.999624,10,21,SP,phobius,32.66666666666667,2.7222222222222223,11
YLR361C,0.999876,1.37e-4,12,29,TM,phobius,67,3.7222222222222223,17
YOR298W,0.999879,1.2e-4,33,53,TM,phobius,43.166666666666664,2.0555555555555554,20
YGL226C-A,1,4e-6,27,47,TM,phobius,58.33333333333334,2.777777777777778,20
YOL084W,1,0,6,31,TM,phobius,82.91111111111111,3.1888888888888887,25
YDR452W,1,4e-6,21,42,TM,phobius,81.64444444444446,3.7111111111111117,21
YDL018C,2.13e-4,0.999738,4,15,SP,phobius,29.73333333333334,2.4777777777777783,11
Q0250,0.99971,2.89e-4,43,59,TM,phobius,52.88888888888889,3.111111111111111,16
YLR155C,3.72e-4,0.999601,6,13,SP,phobius,22.31111111111111,2.7888888888888888,7
YIL085C,1,1e-5,21,43,TM,phobius,66.7,2.9000000000000004,22
YNR061C,1,0,16,35,TM,phobius,57.77777777777778,2.888888888888889,19
Q0110,1,1.1e-5,28,52,TM,phobius,70,2.8,24
YIR041W,0.001667,0.99830700000000006,4,15,SP,phobius,29.06666666666667,2.4222222222222225,11
YHR101C,0.058908,0.94107,3,14,SP,phobius,29.199999999999996,2.433333333333333,11
YLR243W,1,0,4,9,SP,phobius,11.800000000000002,1.966666666666667,5
YDL024C,2.58e-4,0.999704,5,15,SP,phobius,34.1,3.1,10
YIL156W-B,0.166905,0.833073,6,24,TM,phobius,47.71111111111111,2.511111111111111,18
YHR214W,0.005098,0.994868,8,18,SP,phobius,26.888888888888893,2.4444444444444446,10
YNL128W,0.999897,8.9e-5,38,58,TM,phobius,54.133333333333326,2.5777777777777775,20
YLR440C,1,0,6,14,SP,phobius,23.5,2.611111111111111,8
YBR054W,0.999967,4.3e-5,35,55,TM,phobius,58.56666666666666,2.7888888888888888,20
YMR298W,0.999987,6e-6,20,40,TM,phobius,67.9,3.2333333333333334,20
YNL238W,0.006515,0.993462,7,15,SP,phobius,15.7,1.7444444444444445,8
YPL163C,4.27e-4,0.999535,5,13,SP,phobius,24.900000000000002,2.766666666666667,8
YML125C,1,1e-6,17,35,TM,phobius,56.78888888888889,2.988888888888889,18
YPL246C,1,1e-6,15,37,TM,phobius,61.33333333333334,2.666666666666667,22
YLR152C,0.99974,2.5e-4,6,30,TM,phobius,62.499999999999986,2.4999999999999996,24
YGR168C,0.999977,2.7e-5,35,54,TM,phobius,36.00000000000001,1.8000000000000003,19
YEL031W,0.999878,1.14e-4,28,44,TM,phobius,27.766666666666666,1.6333333333333333,16
YPR109W,0.999985,5e-6,31,48,TM,phobius,40.8,2.2666666666666666,17
YKR100C,1,2e-6,6,29,TM,phobius,76.26666666666668,3.177777777777778,23
YFL067W,0.908682,0.091323,4,16,SP,phobius,43.47777777777778,3.3444444444444446,12
YOR049C,1,0,6,24,TM,phobius,54.677777777777784,2.877777777777778,18
YOR009W,2.48e-4,0.999763,6,17,SP,phobius,33.2,2.766666666666667,11
YLR378C,0.999971,2.3e-5,33,55,TM,phobius,77.6888888888889,3.377777777777778,22
YDR414C,1,2e-6,25,44,TM,phobius,74.8888888888889,3.744444444444445,19
YGR189C,0.004811,0.995171,6,17,SP,phobius,24.800000000000004,2.066666666666667,11
YER113C,0.998256,0.001763,6,22,TM,phobius,62.144444444444446,3.6555555555555554,16
YBR196C-A,1,0,6,28,TM,phobius,52.9,2.3,22
YER118C,0.999968,3.2e-5,33,43,SP,phobius,25.544444444444448,2.3222222222222224,10
YNL024C-A,3.04e-4,0.999648,10,21,SP,phobius,38.400000000000006,3.2,11
YBR283C,0.999982,3.6e-5,33,53,TM,phobius,52.03333333333333,2.477777777777778,20
YHR195W,1,5e-6,6,23,TM,phobius,39.2,2.177777777777778,17
YKL044W,0.999987,1.3e-5,21,39,TM,phobius,27.444444444444443,1.4444444444444444,18
YLL064C,0.001318,0.998667,4,15,SP,phobius,29.06666666666667,2.4222222222222225,11
YLR121C,3.58e-4,0.999622,3,14,SP,phobius,30.000000000000007,2.5000000000000004,11
YKR044W,0.999997,9e-6,10,22,SP,phobius,43.333333333333336,3.3333333333333335,12
YJL186W,0.993628,0.006393,13,24,SP,phobius,40.8,3.4,11
YDL010W,0.934373,0.065644,12,23,SP,phobius,44,3.6666666666666665,11
YMR065W,7.39e-4,0.999219,7,14,SP,phobius,20.444444444444443,2.5555555555555554,7
YDR233C,0.99994,4e-5,35,56,TM,phobius,58.91111111111112,2.677777777777778,21
YCR045C,7.29e-4,0.999256,5,12,SP,phobius,21.422222222222224,2.677777777777778,7
YLR040C,0.008293,0.991663,13,20,SP,phobius,22.933333333333334,2.8666666666666667,7
YPL187W,3.76e-4,0.999602,3,14,SP,phobius,30.400000000000006,2.5333333333333337,11
YJL178C,5.89e-4,0.999412,6,14,SP,phobius,22.799999999999997,2.533333333333333,8
YOL105C,0.871831,0.128183,22,33,SP,phobius,33.86666666666667,2.8222222222222224,11
YGL257C,0.99356,0.006455,7,24,TM,phobius,65.2,3.6222222222222222,17
YOR085W,0.00148,0.998499,4,15,SP,phobius,36.53333333333333,3.0444444444444443,11
YER072W,0.999988,2e-5,33,53,TM,phobius,41.53333333333333,1.9777777777777779,20
YPR117W,1,0,15,39,TM,phobius,76.38888888888889,3.0555555555555554,24
YBL057C,0.999991,3.3e-5,12,30,TM,phobius,33.77777777777778,1.7777777777777777,18
YGL084C,0.999383,6.26e-4,42,60,TM,phobius,58.477777777777774,3.0777777777777775,18
YDR541C,1,0,5,16,SP,phobius,22.4,1.8666666666666667,11
YMR088C,0.999978,1.1e-5,38,60,TM,phobius,46.511111111111106,2.022222222222222,22
YIL147C,1,2e-6,23,47,TM,phobius,71.94444444444444,2.8777777777777778,24
YFR032C-B,0.99995,6.1e-5,20,42,TM,phobius,58.011111111111106,2.522222222222222,22
YPL227C,1,1e-6,12,33,TM,phobius,69.42222222222223,3.155555555555556,21
YLR160C,3.72e-4,0.999601,6,13,SP,phobius,22.31111111111111,2.7888888888888888,7
YPL072W,0.918902,0.081101,20,40,TM,phobius,51.10000000000001,2.4333333333333336,20
YEL042W,1,3e-6,10,23,SP,phobius,51.02222222222221,3.644444444444444,13
YJR085C,1,0,26,46,TM,phobius,39.43333333333333,1.8777777777777775,20
YBR162W-A,0.999724,2.64e-4,39,60,TM,phobius,73.57777777777778,3.3444444444444446,21
YER014W,1,3e-6,12,31,TM,phobius,36.888888888888886,1.844444444444444,19
YJL079C,7.8e-4,0.999187,6,14,SP,phobius,17.200000000000003,1.9111111111111114,8
YKR102W,3.03e-4,0.999651,8,19,SP,phobius,32.266666666666666,2.688888888888889,11
YEL060C,0.771085,0.228917,6,13,SP,phobius,12.799999999999997,1.5999999999999996,7
YMR264W,1,0,6,23,TM,phobius,61,3.388888888888889,17
YGL261C,0.001318,0.998667,4,15,SP,phobius,29.06666666666667,2.4222222222222225,11
YOR002W,0.999917,1.09e-4,40,58,TM,phobius,69.24444444444444,3.644444444444444,18
YHR214C-E,0.999756,2.44e-4,14,33,TM,phobius,31.999999999999996,1.5999999999999999,19
YGL203C,0.084764,0.915199,6,17,SP,phobius,22.4,1.8666666666666667,11
YOL152W,0.999943,6.6e-5,43,60,TM,phobius,58.2,3.2333333333333334,17
YLL048C,1,6e-6,31,50,TM,phobius,67.11111111111111,3.355555555555556,19
YJL159W,5.92e-4,0.999375,7,18,SP,phobius,23.33333333333334,1.9444444444444449,11
YJL054W,0.999978,1.9e-5,39,57,TM,phobius,40.111111111111114,2.111111111111111,18
YMR214W,6.55e-4,0.999305,5,16,SP,phobius,33.2,2.766666666666667,11
YNL121C,0.99391,0.006095,10,19,SP,phobius,20.333333333333336,2.0333333333333337,9
YJR137C,1,0,6,14,SP,phobius,15,1.6666666666666667,8
YAR071W,5.34e-4,0.999432,4,12,SP,phobius,17,1.8888888888888888,8
YDR415C,2.55e-4,0.999716,3,14,SP,phobius,33.46666666666667,2.788888888888889,11
YKL065C,1,0,6,26,TM,phobius,69.76666666666667,3.3222222222222224,20
YLR047C,0.999981,3e-5,36,57,TM,phobius,76.75555555555556,3.488888888888889,21
YDR084C,0.999996,1.7e-5,18,37,TM,phobius,52.44444444444444,2.6222222222222222,19
YPR079W,0.935951,0.064056,7,25,TM,phobius,58.05555555555555,3.0555555555555554,18
YJR075W,0.989862,0.010136,12,33,TM,phobius,73.57777777777778,3.3444444444444446,21
YNL190W,6.73e-4,0.999298,4,15,SP,phobius,24.266666666666673,2.0222222222222226,11
YOL011W,3.18e-4,0.99968,10,22,SP,phobius,36.11111111111111,2.7777777777777777,12
YAR066W,0.005098,0.994868,8,18,SP,phobius,26.888888888888893,2.4444444444444446,10
YIL011W,2.38e-4,0.99973,6,17,SP,phobius,33.733333333333334,2.8111111111111113,11
YFR026C,2.62e-4,0.999689,5,15,SP,phobius,34.1,3.1,10
YML087C,1,0,16,35,TM,phobius,39.33333333333333,1.9666666666666666,19
YER076C,0.001909,0.998063,7,18,SP,phobius,32.66666666666667,2.7222222222222223,11
YBR210W,1,0,4,15,SP,phobius,28,2.3333333333333335,11
YNL322C,0.001279,0.998692,6,17,SP,phobius,24.666666666666664,2.0555555555555554,11
YBL100W-C,0.992645,0.007356,5,13,SP,phobius,21.7,2.411111111111111,8
YDR483W,0.999715,3.1e-4,13,24,SP,phobius,38.93333333333334,3.244444444444445,11
YPR027C,0.98973,0.010279,7,15,SP,phobius,23,2.5555555555555554,8
YGL138C,4.11e-4,0.999554,7,17,SP,phobius,26.400000000000006,2.4000000000000004,10
YBR093C,8.01e-4,0.999185,4,12,SP,phobius,17.400000000000002,1.9333333333333336,8
YJL222W,3.82e-4,0.999583,6,16,SP,phobius,31.65555555555556,2.877777777777778,10
YMR238W,3.45e-4,0.999609,10,21,SP,phobius,30.933333333333337,2.577777777777778,11
YLR414C,0.141962,0.858033,4,22,SP,phobius,60.588888888888896,3.188888888888889,18
YOR246C,0.999991,3e-6,28,47,TM,phobius,37.99999999999999,1.8999999999999997,19
YCL005W,0.999961,5e-5,6,23,TM,phobius,35.8,1.9888888888888887,17
YJR013W,1,0,6,25,TM,phobius,46,2.3,19
YJR118C,1,1e-6,15,26,SP,phobius,32.13333333333334,2.677777777777778,11
YGR279C,0.002819,0.997144,6,14,SP,phobius,17.1,1.9000000000000001,8
YMR172W,0.999831,1.73e-4,21,38,TM,phobius,38.6,2.1444444444444444,17
YAL063C,2.07e-4,0.999752,7,18,SP,phobius,38.400000000000006,3.2,11
YAR020C,0.011395,0.988597,4,15,SP,phobius,29.06666666666667,2.4222222222222225,11
YHR212W-A,2.27e-4,0.999771,6,17,SP,phobius,27.46666666666667,2.288888888888889,11
YNR048W,0.999919,8.9e-5,41,60,TM,phobius,64.66666666666666,3.233333333333333,19
YHR086W-A,0.999955,4.7e-5,3,12,SP,phobius,19,1.9000000000000001,9
YOR336W,2.41e-4,0.999737,3,13,SP,phobius,39.84444444444444,3.6222222222222222,10
YDR524C-B,7.06e-4,0.999265,5,13,SP,phobius,22.200000000000003,2.466666666666667,8
YJL160C,0.057939,0.942044,7,18,SP,phobius,24.133333333333333,2.011111111111111,11
YBR287W,1,0,12,32,TM,phobius,64.16666666666666,3.0555555555555554,20
Q0050,1,1e-6,15,36,TM,phobius,59.400000000000006,2.7,21
YPR204W,1,1.5e-5,36,55,TM,phobius,42.22222222222223,2.1111111111111116,19
YHR202W,4.1e-4,0.999578,5,13,SP,phobius,23.6,2.6222222222222222,8
YPR140W,1,5e-6,26,47,TM,phobius,39.355555555555554,1.788888888888889,21
YDR276C,1,0,6,23,TM,phobius,48.2,2.677777777777778,17
YLL056C,1,2e-6,3,13,SP,phobius,17.966666666666665,1.6333333333333333,10
YGR221C,0.999071,9.17e-4,38,60,TM,phobius,84.07777777777777,3.6555555555555554,22
YHR140W,1,0,10,21,SP,phobius,19.466666666666665,1.622222222222222,11
YOR241W,0.999966,2.6e-5,39,57,TM,phobius,35.25555555555556,1.8555555555555558,18
YOL129W,1,1e-6,25,42,TM,phobius,38.6,2.1444444444444444,17
YKL073W,0.921945,0.078066,7,19,SP,phobius,35.82222222222222,2.7555555555555555,12
YMR189W,1,0,6,13,SP,phobius,10.666666666666666,1.3333333333333333,7
YOR137C,0.937716,0.062291,15,26,SP,phobius,33.2,2.766666666666667,11
YGL051W,0.999952,5e-5,40,60,TM,phobius,64.4,3.066666666666667,20
YJL161W,0.999959,2.5e-5,34,53,TM,phobius,28.666666666666664,1.4333333333333331,19
YEL049W,9.57e-4,0.999012,4,15,SP,phobius,29.06666666666667,2.4222222222222225,11
YLR406C-A,0.99845,0.001555,6,14,SP,phobius,23.700000000000003,2.6333333333333337,8
YDL122W,0.999962,2.7e-5,34,51,TM,phobius,60.4,3.3555555555555556,17
Q0060,1,1e-6,15,36,TM,phobius,59.400000000000006,2.7,21
YEL050C,1,0,2,13,SP,phobius,14.666666666666663,1.2222222222222219,11
YLR426W,1,6e-6,7,26,TM,phobius,50,2.5,19
YCL058C,0.99993,7.6e-5,26,45,TM,phobius,50.888888888888886,2.5444444444444443,19
YGL053W,0.999854,1.35e-4,40,60,TM,phobius,62.766666666666666,2.988888888888889,20
YAR033W,0.999947,3.8e-5,40,60,TM,phobius,64.4,3.066666666666667,20
YMR150C,0.998032,0.001982,12,31,TM,phobius,38.666666666666664,1.9333333333333331,19
YLR034C,1,0,7,26,TM,phobius,39.99999999999999,1.9999999999999996,19
YML100W-A,1,0,12,29,TM,phobius,33.6,1.8666666666666667,17
YDR536W,1,4e-6,27,44,TM,phobius,25.800000000000004,1.4333333333333336,17
YOR104W,0.999954,5.5e-5,40,60,TM,phobius,78.86666666666666,3.755555555555555,20
YLR158C,3.72e-4,0.999601,6,13,SP,phobius,22.31111111111111,2.7888888888888888,7
YKL096W,2.51e-4,0.999724,4,15,SP,phobius,30.66666666666667,2.555555555555556,11
YIR014W,0.999978,2.8e-5,36,57,TM,phobius,64.53333333333333,2.9333333333333336,21
YOR178C,1,0,2,9,SP,phobius,9.42222222222222,1.1777777777777776,7
YNL143C,0.999326,6.7e-4,12,31,TM,phobius,49.333333333333336,2.466666666666667,19
YMR123W,1,1e-6,20,41,TM,phobius,67.95555555555556,3.0888888888888895,21
YNL019C,0.001266,0.998696,10,21,SP,phobius,30.666666666666664,2.5555555555555554,11
YGR236C,0.999798,2.06e-4,20,38,TM,phobius,48.55555555555555,2.5555555555555554,18
YDR236C,0.997916,0.002101,8,19,SP,phobius,34.666666666666664,2.888888888888889,11
YJL002C,2.42e-4,0.999726,6,17,SP,phobius,35.733333333333334,2.977777777777778,11
YHL016C,1,0,12,35,TM,phobius,64.8,2.6999999999999997,23
YOL088C,2.93e-4,0.999672,7,18,SP,phobius,34.266666666666666,2.8555555555555556,11
YHL044W,0.999962,5.2e-5,39,60,TM,phobius,65.75555555555556,2.988888888888889,21
YKL120W,0.999816,1.83e-4,20,40,TM,phobius,55.766666666666666,2.6555555555555554,20
YCR021C,1,1.8e-5,34,56,TM,phobius,67.72222222222223,2.9444444444444446,22
YHR063C,0.995358,0.00464,7,17,SP,phobius,19.92222222222222,1.8111111111111111,10
YLR332W,0.40919,0.590805,12,20,SP,phobius,29.7,3.3,8
YMR261C,0.875988,0.124012,3,10,SP,phobius,21.244444444444447,2.655555555555556,7
YER001W,0.999954,5.7e-5,12,36,TM,phobius,93.61111111111113,3.744444444444445,24
YLL012W,1,1e-6,12,36,TM,phobius,81.94444444444446,3.277777777777778,24
YLR213C,4.39e-4,0.999511,4,15,SP,phobius,25.600000000000005,2.1333333333333337,11
YJR010C-A,1,7e-6,30,49,TM,phobius,58.88888888888889,2.9444444444444446,19
YMR209C,1,1e-6,6,21,TM,phobius,61.86666666666666,3.8666666666666663,15
YER084W,0.999183,8.21e-4,6,24,TM,phobius,57.63333333333334,3.0333333333333337,18
YNL070W,1,1.1e-5,20,41,TM,phobius,36.42222222222223,1.655555555555556,21
YLR404W,1,1e-6,14,37,TM,phobius,74.66666666666667,3.111111111111111,23
YPL183W-A,1,0,27,38,SP,phobius,21.866666666666664,1.822222222222222,11
YCR024C-A,0.999999,0,6,27,TM,phobius,77.24444444444444,3.511111111111111,21
YCL069W,1,0,6,30,TM,phobius,59.72222222222222,2.388888888888889,24
YKL154W,0.980469,0.019553,6,23,TM,phobius,66.80000000000001,3.7111111111111117,17
YMR063W,1,5e-6,6,28,TM,phobius,73.85555555555555,3.2111111111111112,22
YML128C,0.004696,0.99528,6,17,SP,phobius,34.53333333333333,2.8777777777777778,11
YHL008C,0.999977,1.3e-5,32,54,TM,phobius,47.53333333333333,2.0666666666666664,22
YOL092W,1,0,12,30,TM,phobius,53.833333333333336,2.8333333333333335,18
YOL003C,1,0,7,29,TM,phobius,50.6,2.2,22
YKL039W,0.676107,0.323884,10,21,SP,phobius,35.46666666666666,2.9555555555555553,11
YGL028C,9.38e-4,0.999015,5,15,SP,phobius,22.977777777777778,2.088888888888889,10
YJL118W,1,0,2,10,SP,phobius,16.5,1.8333333333333333,8
YMR215W,2.98e-4,0.999693,7,15,SP,phobius,22.400000000000006,2.4888888888888894,8
YJL172W,1,2e-6,20,40,TM,phobius,63.00000000000001,3.0000000000000004,20
YEL047C,0.999852,1.46e-4,3,14,SP,phobius,28.266666666666673,2.355555555555556,11
Q0120,1,1.1e-5,28,52,TM,phobius,70,2.8,24
YGL114W,0.999994,4e-6,24,46,TM,phobius,53.66666666666666,2.333333333333333,22
YHR213W-A,0.999975,2.8e-5,20,38,TM,phobius,50.45555555555556,2.655555555555556,18
YOL073C,1,1e-6,12,32,TM,phobius,56.23333333333333,2.6777777777777776,20
YER023W,0.994705,0.005293,4,12,SP,phobius,21.699999999999996,2.4111111111111105,8
YIL136W,0.98783,0.012162,5,13,SP,phobius,21.2,2.3555555555555556,8
YDR438W,1,0,12,31,TM,phobius,76,3.8000000000000003,19
YLR176C,0.999656,3.43e-4,20,39,TM,phobius,31.33333333333333,1.5666666666666664,19
YJL073W,0.856898,0.143112,3,14,SP,phobius,32.93333333333334,2.7444444444444445,11
YML007C-A,0.999949,4.5e-5,18,35,TM,phobius,31.6,1.7555555555555555,17
YGR141W,0.825877,0.174127,15,37,TM,phobius,62.35555555555556,2.7111111111111112,22
YER119C,1,0,33,53,TM,phobius,63.00000000000001,3.0000000000000004,20
YDR322C-A,0.999661,3.44e-4,6,24,TM,phobius,39.266666666666666,2.0666666666666664,18
YBL039C,1,0,4,15,SP,phobius,25.199999999999996,2.0999999999999996,11
YPL057C,0.999965,4.6e-5,7,24,TM,phobius,53.2,2.9555555555555557,17
YBL020W,1,1e-6,25,45,TM,phobius,38.733333333333334,1.8444444444444446,20
YPL221W,4.14e-4,0.999565,4,17,SP,phobius,41.84444444444445,2.988888888888889,13
YPR133W-A,0.999986,1e-5,28,45,TM,phobius,36.400000000000006,2.0222222222222226,17
YHR117W,0.999886,1.32e-4,15,34,TM,phobius,45.777777777777786,2.288888888888889,19
YLL025W,0.001307,0.998661,4,15,SP,phobius,29.06666666666667,2.4222222222222225,11
YML002W,0.999786,2.16e-4,12,31,TM,phobius,67.77777777777777,3.388888888888889,19
YMR316C-A,0.998983,0.001021,6,16,SP,phobius,20.77777777777778,1.8888888888888888,10
YOR008C-A,0.965193,0.034806,28,44,TM,phobius,49.86666666666666,2.933333333333333,16
YCR017C,1,5e-6,12,31,TM,phobius,46.66666666666667,2.3333333333333335,19
YGR174C,0.99998,1.7e-5,29,50,TM,phobius,50.35555555555556,2.288888888888889,21
YPL056C,0.976406,0.023602,4,14,SP,phobius,19.799999999999997,1.7999999999999998,10
YFL041W,6.54e-4,0.999303,2,13,SP,phobius,26.400000000000002,2.2,11
YBR041W,0.997529,0.002481,6,26,TM,phobius,59.03333333333334,2.8111111111111113,20
YDR519W,8.67e-4,0.999137,5,16,SP,phobius,24.933333333333337,2.077777777777778,11
YML104C,0.999998,1.3e-5,12,43,TM,phobius,106.31111111111112,3.3222222222222224,31
YMR034C,1,6e-6,24,43,TM,phobius,75.77777777777779,3.788888888888889,19
YBR014C,0.881844,0.118174,12,27,SP,phobius,60.62222222222223,3.788888888888889,15
YPR138C,1,0,18,39,TM,phobius,61.35555555555556,2.788888888888889,21
YDR078C,1,0,40,58,TM,phobius,41.58888888888888,2.1888888888888887,18
YMR019W,1,1e-6,18,35,TM,phobius,74.99999999999999,4.166666666666666,17
YLL013C,1,0,13,23,SP,phobius,18.211111111111116,1.655555555555556,10
YOR037W,1,1.3e-5,30,48,TM,phobius,41.800000000000004,2.2,18
YAR002C-A,2.79e-4,0.999692,3,14,SP,phobius,32,2.6666666666666665,11
YCL001W,0.999982,2.1e-5,42,59,TM,phobius,47.800000000000004,2.655555555555556,17
YEL068C,5.01e-4,0.999463,3,13,SP,phobius,25.66666666666667,2.333333333333334,10
YOL104C,1,1e-6,7,17,SP,phobius,19.55555555555556,1.7777777777777781,10
YKR005C,0.005132,0.994832,4,13,SP,phobius,28.555555555555557,2.8555555555555556,9
YLR214W,2.59e-4,0.999727,6,16,SP,phobius,32.266666666666666,2.9333333333333336,10
YGL038C,1,2e-6,16,33,TM,phobius,55.6,3.088888888888889,17
Q0115,1,1.1e-5,28,52,TM,phobius,70,2.8,24
YML081C-A,0.935278,0.06473,12,28,TM,phobius,33.43333333333334,1.966666666666667,16
YML130C,8.9e-4,0.999072,5,15,SP,phobius,23.95555555555556,2.177777777777778,10
YCL002C,1,0,2,13,SP,phobius,29.733333333333334,2.477777777777778,11
YDL054C,1,9e-6,30,51,TM,phobius,45.222222222222214,2.0555555555555554,21
YOR044W,0.999982,1e-5,7,33,TM,phobius,87.3,3.2333333333333334,26
YHR143W,5.71e-4,0.999381,5,16,SP,phobius,37.46666666666667,3.1222222222222227,11
YOR320C,0.999632,3.86e-4,12,34,TM,phobius,77.17777777777779,3.355555555555556,22
YGR213C,1,0,15,37,TM,phobius,70.27777777777779,3.055555555555556,22
YPR068C,1,3e-6,4,11,SP,phobius,12.444444444444445,1.5555555555555556,7
YNL048W,1,1e-6,22,41,TM,phobius,48.44444444444444,2.422222222222222,19
YGR131W,1,0,12,28,TM,phobius,51.37777777777778,3.022222222222222,16
YGL020C,0.998819,0.001199,3,14,SP,phobius,41.06666666666667,3.4222222222222225,11
YDL123W,1,0,13,31,TM,phobius,54.677777777777784,2.877777777777778,18
YGL054C,0.999797,2.29e-4,3,10,SP,phobius,25.244444444444444,3.1555555555555554,7
YKR058W,0.969782,0.030214,5,14,SP,phobius,18.555555555555554,1.8555555555555554,9
YJL094C,1,0,23,44,TM,phobius,66.97777777777779,3.0444444444444447,21
YNL214W,1,7e-6,35,54,TM,phobius,54.888888888888886,2.7444444444444445,19
YML067C,1,7e-6,21,40,TM,phobius,51.77777777777778,2.588888888888889,19
YJR153W,4.69e-4,0.999512,7,18,SP,phobius,28.666666666666664,2.388888888888889,11
YNL149C,1,2e-6,23,41,TM,phobius,49.82222222222222,2.6222222222222222,18
YBR296C,1,0,6,30,TM,phobius,71.3888888888889,2.855555555555556,24
YKL150W,0.998855,0.00115,12,31,TM,phobius,47.333333333333336,2.3666666666666667,19
YBR078W,2.92e-4,0.999704,6,14,SP,phobius,15.3,1.7000000000000002,8
YAL007C,2.73e-4,0.999681,5,20,SP,phobius,59.37777777777779,3.7111111111111117,15
YHR204W,2.73e-4,0.9997,2,13,SP,phobius,37.2,3.1,11
YNL300W,3e-4,0.999688,3,13,SP,phobius,24.200000000000003,2.2,10
YBR241C,0.999992,3e-6,20,40,TM,phobius,56.00000000000001,2.666666666666667,20
YNR066C,0.004156,0.995819,3,16,SP,phobius,36.71111111111111,2.6222222222222222,13
YNL003C,0.955941,0.044064,3,13,SP,phobius,20.533333333333328,1.8666666666666663,10
YJL061W,1,9e-6,7,15,SP,phobius,12.600000000000001,1.4000000000000001,8
YOR067C,0.999948,5.6e-5,42,59,TM,phobius,43.4,2.411111111111111,17
YNL012W,2.97e-4,0.999689,4,12,SP,phobius,28.4,3.1555555555555554,8
YOL163W,0.999996,4e-6,21,46,TM,phobius,52.28888888888889,2.011111111111111,25
YCR011C,7.95e-4,0.999169,12,20,SP,phobius,24.499999999999996,2.722222222222222,8
YOR065W,0.999973,3.4e-5,36,54,TM,phobius,38.63333333333333,2.033333333333333,18
YDR352W,1,0,6,28,TM,phobius,47.53333333333334,2.066666666666667,22
YIL014W,0.989277,0.01074,15,25,SP,phobius,29.944444444444446,2.7222222222222223,10
YMR071C,0.999969,2.6e-5,29,58,TM,phobius,98.33333333333334,3.277777777777778,29
YIL090W,1,0,41,60,TM,phobius,42.666666666666664,2.1333333333333333,19
YOL026C,0.999938,5e-5,35,55,TM,phobius,41.766666666666666,1.9888888888888887,20
YOR149C,0.890332,0.109681,6,25,TM,phobius,49.11111111111111,2.4555555555555553,19
YDR319C,0.937878,0.062124,12,30,TM,phobius,53.411111111111104,2.811111111111111,18
YPR028W,0.999968,4.2e-5,38,58,TM,phobius,61.833333333333336,2.9444444444444446,20
YMR015C,0.99994,7e-5,42,59,TM,phobius,56.4,3.1333333333333333,17
YER074W-A,0.789553,0.210445,6,24,TM,phobius,63.12222222222223,3.3222222222222224,18
YGL194C-A,1,6e-6,12,29,TM,phobius,74.80000000000001,4.155555555555556,17
YJL051W,1,1e-6,12,36,TM,phobius,66.94444444444446,2.677777777777778,24
YDR420W,4e-4,0.99958,9,16,SP,phobius,20.8,2.6,7
YBL039W-B,1,5e-6,23,41,TM,phobius,42.644444444444446,2.2444444444444445,18
YOR079C,0.93858,0.061428,6,28,TM,phobius,71.55555555555557,3.1111111111111116,22
YKL140W,0.999823,1.87e-4,14,33,TM,phobius,60.666666666666664,3.033333333333333,19
YLR448W,1,0,30,47,TM,phobius,43.2,2.4000000000000004,17
YKL124W,0.999998,2.6e-5,40,60,TM,phobius,62.766666666666666,2.988888888888889,20
YJL183W,0.99999,1.4e-5,33,51,TM,phobius,59.53333333333334,3.1333333333333337,18
YLR130C,1,6e-6,26,46,TM,phobius,80.26666666666668,3.822222222222223,20
YHR188C,2.4e-4,0.999723,3,15,SP,phobius,29.900000000000002,2.3000000000000003,12
YDR434W,1,0,9,27,TM,phobius,52.56666666666668,2.766666666666667,18
YNL326C,1,0,6,25,TM,phobius,29.999999999999996,1.4999999999999998,19
YLR300W,3.13e-4,0.999674,6,14,SP,phobius,19.8,2.2,8
YNL279W,0.999964,4.5e-5,17,35,TM,phobius,55.31111111111111,2.911111111111111,18
YJL077C,0.999964,2.1e-5,35,56,TM,phobius,56.955555555555556,2.588888888888889,21
YAL053W,0.003007,0.996957,10,18,SP,phobius,25.2,2.8,8
YMR272W-B,0.987793,0.012214,3,13,SP,phobius,27.011111111111113,2.4555555555555557,10
YPL006W,2.72e-4,0.999696,3,14,SP,phobius,34.00000000000001,2.833333333333334,11
YJL116C,7.18e-4,0.999247,3,13,SP,phobius,21.755555555555553,1.9777777777777774,10
YLR241W,0.999991,2.6e-5,37,55,TM,phobius,47.92222222222222,2.522222222222222,18
YKL077W,0.001842,0.998136,6,17,SP,phobius,29.866666666666667,2.488888888888889,11
YHR151C,0.021941,0.978035,3,14,SP,phobius,34.93333333333334,2.9111111111111114,11
YCL012C,0.969453,0.030561,9,21,SP,phobius,42.03333333333333,3.2333333333333334,12
YPR075C,0.997636,0.0024,7,18,SP,phobius,3.599999999999999,0.29999999999999993,11
YBR199W,0.889834,0.110171,12,30,TM,phobius,65.86666666666667,3.466666666666667,18
YER069W,1,0,3,10,SP,phobius,10.222222222222221,1.2777777777777777,7
YMR305C,0.00199,0.997975,6,13,SP,phobius,16,2,7
YDR542W,0.001318,0.998667,4,15,SP,phobius,29.06666666666667,2.4222222222222225,11
YGL012W,0.999947,5.9e-5,40,60,TM,phobius,47.83333333333334,2.277777777777778,20
YML028W,1,2e-6,34,55,TM,phobius,61.84444444444445,2.8111111111111113,21
YBR070C,1,0,6,28,TM,phobius,62.611111111111114,2.7222222222222223,22
YDR169C-A,1,0,23,30,SP,phobius,16,2,7
YIL075C,1,1e-6,3,13,SP,phobius,22.366666666666667,2.033333333333333,10
YKL224C,0.001667,0.99830700000000006,4,15,SP,phobius,29.06666666666667,2.4222222222222225,11
YOR045W,1,1.9e-5,31,49,TM,phobius,51.722222222222236,2.7222222222222228,18
YDR331W,3.34e-4,0.999659,7,17,SP,phobius,35.2,3.2,10
YBR286W,0.991002,0.009007,8,16,SP,phobius,16.000000000000004,1.7777777777777781,8
YAL059W,1,6e-6,9,17,SP,phobius,26,2.888888888888889,8
YIL134C-A,1,0,13,30,TM,phobius,58.400000000000006,3.244444444444445,17
YDR126W,1,0,5,19,SP,phobius,52,3.466666666666667,14
YJL174W,3.07e-4,0.999674,8,16,SP,phobius,32.1,3.566666666666667,8
YLL053C,1,0,6,26,TM,phobius,35.23333333333334,1.677777777777778,20
